[{"model": "sessions.session", "pk": "6zkig9yvw8n2612p94nmg8x8x5qjufe6", "fields": {"session_data": "e30:1sNutC:oUzkXJWofIY96qWtHADdhXkYTC2Za4VWzb4YTsISgjE", "expire_date": "2024-07-14T13:46:46.781Z"}}, {"model": "sessions.session", "pk": "iend1x6eoj02f3cnpx1vcj42lj11e41a", "fields": {"session_data": "eyJ0b2tlbiI6ImI2YTY0NGNjZDcyZGFkY2I2YmExMTVlYzQ0ODNjZDZjOGRjYTM3YjQifQ:1sKmUt:kvLt87GMUkQFD51k0yHRWZeSVLc_MLTOgYNeOwyxNCc", "expire_date": "2024-07-05T22:12:43.496Z"}}, {"model": "sessions.session", "pk": "igzf92n35vxch7qrkahrh5dls9jw5u9n", "fields": {"session_data": "eyJ0b2tlbiI6ImVhMzllYWJmY2NiZjcwOTQ2NDdjMDRlMDBhZmI1OWQzOGI0M2FiOWUifQ:1sMCQO:4mecoHJb87pu21lsx_PxZIZu8PYCQOMlKORLzqNkynU", "expire_date": "2024-07-09T20:05:56.837Z"}}, {"model": "sessions.session", "pk": "ks1jnugt34zkky04mep2atujhwl2mjxf", "fields": {"session_data": "eyJ0b2tlbiI6ImVhMzllYWJmY2NiZjcwOTQ2NDdjMDRlMDBhZmI1OWQzOGI0M2FiOWUifQ:1sMUlJ:dpIBDqELL-jYjCqdkTPs_f80lp-SWe_KE1WNmzc3ZqY", "expire_date": "2024-07-10T15:40:45.401Z"}}, {"model": "sessions.session", "pk": "tk3l11jqfhvfjza9hfsgek55ujfs285d", "fields": {"session_data": "eyJ0b2tlbiI6ImUyYWFjOWFmZjUyMzBhOTM0OTYxNTc0MWE3Y2I4Y2YwOWRjODNlOGIifQ:1sOZRF:Xej5c1N1isQSqNJGSlVKBxbFJFUeUZPJq4rzqd9Nxso", "expire_date": "2024-07-16T09:04:37.884Z"}}, {"model": "groupe.groupe", "pk": 9, "fields": {"name": "kc3000", "author": "55e96354-3ddc-430e-92b4-119f7b1f5ca4", "description": "why not", "created_at": "2024-06-22T08:49:14.048Z", "updated_at": "2024-06-22T08:49:14.048Z", "admin": null, "group_pic": "", "members": []}}, {"model": "groupe.groupe", "pk": 10, "fields": {"name": "ishowgand", "author": "55e96354-3ddc-430e-92b4-119f7b1f5ca4", "description": "why not", "created_at": "2024-06-22T09:10:43.762Z", "updated_at": "2024-06-22T09:10:43.762Z", "admin": null, "group_pic": "", "members": []}}, {"model": "groupe.groupe", "pk": 11, "fields": {"name": "MrbeastMaster", "author": "55e96354-3ddc-430e-92b4-119f7b1f5ca4", "description": "why not", "created_at": "2024-06-22T09:10:54.284Z", "updated_at": "2024-06-22T09:10:54.284Z", "admin": null, "group_pic": "", "members": []}}, {"model": "groupe.groupe", "pk": 12, "fields": {"name": "FanumTax", "author": "55e96354-3ddc-430e-92b4-119f7b1f5ca4", "description": "why not", "created_at": "2024-06-22T09:11:00.903Z", "updated_at": "2024-06-22T09:11:00.903Z", "admin": null, "group_pic": "", "members": []}}, {"model": "groupe.groupe", "pk": 13, "fields": {"name": "tes", "author": "55e96354-3ddc-430e-92b4-119f7b1f5ca4", "description": "tes", "created_at": "2024-06-24T12:01:58.596Z", "updated_at": "2024-06-24T12:01:58.596Z", "admin": null, "group_pic": "", "members": []}}, {"model": "groupe.groupe", "pk": 14, "fields": {"name": "ok", "author": "55e96354-3ddc-430e-92b4-119f7b1f5ca4", "description": "ok", "created_at": "2024-06-24T12:04:31.709Z", "updated_at": "2024-06-24T12:04:31.709Z", "admin": null, "group_pic": "", "members": []}}, {"model": "groupe.groupe", "pk": 15, "fields": {"name": "lksndv", "author": "55e96354-3ddc-430e-92b4-119f7b1f5ca4", "description": "qspùnvùpqndf", "created_at": "2024-06-24T12:17:00.384Z", "updated_at": "2024-06-24T12:17:00.384Z", "admin": null, "group_pic": "", "members": []}}, {"model": "groupe.groupe", "pk": 16, "fields": {"name": "ksjbvf", "author": "55e96354-3ddc-430e-92b4-119f7b1f5ca4", "description": "lsjkndvod", "created_at": "2024-06-24T12:18:49.842Z", "updated_at": "2024-06-24T12:18:49.842Z", "admin": null, "group_pic": "", "members": []}}, {"model": "groupe.groupe", "pk": 20, "fields": {"name": "mjhbi", "author": "55e96354-3ddc-430e-92b4-119f7b1f5ca4", "description": "khih", "created_at": "2024-06-24T13:30:21.107Z", "updated_at": "2024-06-24T13:30:21.107Z", "admin": null, "group_pic": "", "members": []}}, {"model": "groupe.groupe", "pk": 21, "fields": {"name": "KC3000", "author": "55e96354-3ddc-430e-92b4-119f7b1f5ca4", "description": "KC3000", "created_at": "2024-06-24T16:44:06.443Z", "updated_at": "2024-06-24T16:44:06.443Z", "admin": null, "group_pic": "", "members": []}}, {"model": "groupe.groupe", "pk": 22, "fields": {"name": "v.    v.      v.    vv.", "author": "55e96354-3ddc-430e-92b4-119f7b1f5ca4", "description": "qsodbvnojqbsdv", "created_at": "2024-06-24T16:44:50.752Z", "updated_at": "2024-06-24T16:44:50.752Z", "admin": null, "group_pic": "", "members": []}}, {"model": "groupe.groupe", "pk": 23, "fields": {"name": "qdkfjvbdjfbqdfbnvjdfslkfnvldknfb", "author": "55e96354-3ddc-430e-92b4-119f7b1f5ca4", "description": "dlfjvldjfb", "created_at": "2024-06-24T17:06:15.176Z", "updated_at": "2024-06-24T17:06:15.176Z", "admin": null, "group_pic": "", "members": []}}, {"model": "groupe.groupe", "pk": 24, "fields": {"name": "sdvdvd", "author": "55e96354-3ddc-430e-92b4-119f7b1f5ca4", "description": "lskdnlkd", "created_at": "2024-06-24T17:15:07.347Z", "updated_at": "2024-06-24T17:15:07.347Z", "admin": null, "group_pic": "group_pics/2fcddb2d-762a-489c-a9fc-c394b0815b4e.webp", "members": []}}, {"model": "groupe.groupe", "pk": 26, "fields": {"name": "lonna", "author": "62ed2a07-8287-454e-963f-96be13477b1b", "description": "my group", "created_at": "2024-06-25T14:26:09.658Z", "updated_at": "2024-06-25T14:26:09.658Z", "admin": null, "group_pic": "group_pics/_4338f922-7e8e-4679-8e33-15012524fe35.jpeg", "members": []}}, {"model": "groupe.groupepublication", "pk": 7, "fields": {"groupe": 9, "author": "55e96354-3ddc-430e-92b4-119f7b1f5ca4", "content": "kc is here", "created_at": "2024-06-22T09:45:53.335Z", "updated_at": "2024-06-23T14:55:11.299Z", "image": "", "likes": ["555c51f2-d34e-427c-8b2c-344ed086c9a4", "55e96354-3ddc-430e-92b4-119f7b1f5ca4"], "comments": ["555c51f2-d34e-427c-8b2c-344ed086c9a4"]}}, {"model": "groupe.groupepublication", "pk": 8, "fields": {"groupe": 9, "author": "555c51f2-d34e-427c-8b2c-344ed086c9a4", "content": "test", "created_at": "2024-06-22T11:29:34.950Z", "updated_at": "2024-06-22T16:57:27.041Z", "image": "", "likes": [], "comments": []}}, {"model": "groupe.groupepublication", "pk": 9, "fields": {"groupe": 9, "author": "555c51f2-d34e-427c-8b2c-344ed086c9a4", "content": "test", "created_at": "2024-06-22T11:48:09.690Z", "updated_at": "2024-06-22T16:57:25.734Z", "image": "", "likes": [], "comments": []}}, {"model": "groupe.groupepublication", "pk": 10, "fields": {"groupe": 9, "author": "555c51f2-d34e-427c-8b2c-344ed086c9a4", "content": "test", "created_at": "2024-06-22T11:50:51.063Z", "updated_at": "2024-06-22T16:57:24.231Z", "image": "", "likes": [], "comments": []}}, {"model": "groupe.groupepublication", "pk": 11, "fields": {"groupe": 9, "author": "555c51f2-d34e-427c-8b2c-344ed086c9a4", "content": "test", "created_at": "2024-06-22T11:52:14.876Z", "updated_at": "2024-06-22T16:33:53.403Z", "image": "", "likes": ["55e96354-3ddc-430e-92b4-119f7b1f5ca4"], "comments": []}}, {"model": "groupe.groupepublication", "pk": 12, "fields": {"groupe": 9, "author": "555c51f2-d34e-427c-8b2c-344ed086c9a4", "content": "test", "created_at": "2024-06-22T12:37:01.841Z", "updated_at": "2024-06-23T14:06:18.386Z", "image": "", "likes": ["55e96354-3ddc-430e-92b4-119f7b1f5ca4"], "comments": []}}, {"model": "groupe.groupepublication", "pk": 13, "fields": {"groupe": 9, "author": "555c51f2-d34e-427c-8b2c-344ed086c9a4", "content": "tesjjjjt", "created_at": "2024-06-22T12:37:07.823Z", "updated_at": "2024-06-22T16:17:09.886Z", "image": "", "likes": ["55e96354-3ddc-430e-92b4-119f7b1f5ca4"], "comments": []}}, {"model": "groupe.groupepublication", "pk": 14, "fields": {"groupe": 9, "author": "55e96354-3ddc-430e-92b4-119f7b1f5ca4", "content": "PSKdbnvpqsd", "created_at": "2024-06-22T12:38:35.987Z", "updated_at": "2024-06-22T16:20:12.206Z", "image": "", "likes": ["55e96354-3ddc-430e-92b4-119f7b1f5ca4"], "comments": []}}, {"model": "groupe.groupepublication", "pk": 15, "fields": {"groupe": 9, "author": "55e96354-3ddc-430e-92b4-119f7b1f5ca4", "content": "sqpdivnpsdv", "created_at": "2024-06-22T12:39:03.182Z", "updated_at": "2024-06-23T19:34:56.079Z", "image": "", "likes": ["55e96354-3ddc-430e-92b4-119f7b1f5ca4"], "comments": []}}, {"model": "groupe.groupepublication", "pk": 16, "fields": {"groupe": 9, "author": "555c51f2-d34e-427c-8b2c-344ed086c9a4", "content": "test", "created_at": "2024-06-22T12:39:25.641Z", "updated_at": "2024-06-23T18:40:42.846Z", "image": "", "likes": ["55e96354-3ddc-430e-92b4-119f7b1f5ca4"], "comments": []}}, {"model": "groupe.groupepublication", "pk": 17, "fields": {"groupe": 9, "author": "555c51f2-d34e-427c-8b2c-344ed086c9a4", "content": "test", "created_at": "2024-06-22T12:39:26.543Z", "updated_at": "2024-06-22T19:49:18.319Z", "image": "", "likes": [], "comments": []}}, {"model": "groupe.groupepublication", "pk": 18, "fields": {"groupe": 9, "author": "555c51f2-d34e-427c-8b2c-344ed086c9a4", "content": "test", "created_at": "2024-06-22T12:39:27.110Z", "updated_at": "2024-06-22T19:49:24.131Z", "image": "", "likes": [], "comments": []}}, {"model": "groupe.groupepublication", "pk": 19, "fields": {"groupe": 9, "author": "555c51f2-d34e-427c-8b2c-344ed086c9a4", "content": "test", "created_at": "2024-06-22T12:39:29.772Z", "updated_at": "2024-06-22T22:18:39.738Z", "image": "", "likes": ["55e96354-3ddc-430e-92b4-119f7b1f5ca4"], "comments": []}}, {"model": "groupe.groupepublication", "pk": 20, "fields": {"groupe": 9, "author": "55e96354-3ddc-430e-92b4-119f7b1f5ca4", "content": "cool", "created_at": "2024-06-22T22:19:28.690Z", "updated_at": "2024-06-23T13:30:47.334Z", "image": "", "likes": [], "comments": []}}, {"model": "groupe.groupepublication", "pk": 21, "fields": {"groupe": 9, "author": "55e96354-3ddc-430e-92b4-119f7b1f5ca4", "content": "Հայերեն Shqip ‫العربية Български Català 中文简体 Hrvatski Česky Dansk Nederlands English Eesti Filipino Suomi Français ქართული Deutsch Ελληνικά ‫עברית हिन्दी Magyar Indonesia Italiano Latviski Lietuviškai македонски Melayu Norsk Polski Português Româna Pyccкий Српски Slovenčina Slovenščina Español Svenska ไทย Türkçe Українська Tiếng Việt\r\nLorem Ipsum\r\n\"Neque porro quisquam est qui dolorem ipsum quia dolor sit amet, consectetur, adipisci velit...\"\r\n\"Il ny a personne qui naime la souffrance pour elle-même, qui ne la recherche et qui ne la veuille pour elle-même...\"\r\nQu'est-ce que le Lorem Ipsum?\r\nLe Lorem Ipsum est simplement du faux texte employé dans la composition et la mise en page avant impression. Le Lorem Ipsum est le faux texte standard de l'imprimerie depuis les années 1500, quand un imprimeur anonyme assembla ensemble des morceaux de texte pour réaliser un livre spécimen de polices de texte. Il n'a pas fait que survivre cinq siècles, mais s'est aussi adapté à la bureautique informatique, sans que son contenu n'en soit modifié. Il a été popularisé dans les années 1960 grâce à la vente de feuilles Letraset contenant des passages du Lorem Ipsum, et, plus récemment, par son inclusion dans des applications de mise en page de texte, comme Aldus PageMaker.\r\n\r\nPourquoi l'utiliser?\r\nOn sait depuis longtemps que travailler avec du texte lisible et contenant du sens est source de distractions, et empêche de se concentrer sur la mise en page elle-même. L'avantage du Lorem Ipsum sur un texte générique comme 'Du texte. Du texte. Du texte.' est qu'il possède une distribution de lettres plus ou moins normale, et en tout cas comparable avec celle du français standard. De nombreuses suites logicielles de mise en page ou éditeurs de sites Web ont fait du Lorem Ipsum leur faux texte par défaut, et une recherche pour 'Lorem Ipsum' vous conduira vers de nombreux sites qui n'en sont encore qu'à leur phase de construction. Plusieurs versions sont apparues avec le temps, parfois par accident, souvent intentionnellement (histoire d'y rajouter de petits clins d'oeil, voire des phrases embarassantes).\r\n\r\n\r\nD'où vient-il?\r\nContrairement à une opinion répandue, le Lorem Ipsum n'est pas simplement du texte aléatoire. Il trouve ses racines dans une oeuvre de la littérature latine classique datant de 45 av. J.-C., le rendant vieux de 2000 ans. Un professeur du Hampden-Sydney College, en Virginie, s'est intéressé à un des mots latins les plus obscurs, consectetur, extrait d'un passage du Lorem Ipsum, et en étudiant tous les usages de ce mot dans la littérature classique, découvrit la source incontestable du Lorem Ipsum. Il provient en fait des sections 1.10.32 et 1.10.33 du \"De Finibus Bonorum et Malorum\" (Des Suprêmes Biens et des Suprêmes Maux) de Cicéron. Cet ouvrage, très populaire pendant la Renaissance, est un traité sur la théorie de l'éthique. Les premières lignes du Lorem Ipsum, \"Lorem ipsum dolor sit amet...\", proviennent de la section 1.10.32.\r\n\r\nL'extrait standard de Lorem Ipsum utilisé depuis le XVIè siècle est reproduit ci-dessous pour les curieux. Les sections 1.10.32 et 1.10.33 du \"De Finibus Bonorum et Malorum\" de Cicéron sont aussi reproduites dans leur version originale, accompagnée de la traduction anglaise de H. Rackham (1914).\r\n\r\nOù puis-je m'en procurer?\r\nPlusieurs variations de Lorem Ipsum peuvent être trouvées ici ou là, mais la majeure partie d'entre elles a été altérée par l'addition d'humour ou de mots aléatoires qui ne ressemblent pas une seconde à du texte standard. Si vous voulez utiliser un passage du Lorem Ipsum, vous devez être sûr qu'il n'y a rien d'embarrassant caché dans le texte. Tous les générateurs de Lorem Ipsum sur Internet tendent à reproduire le même extrait sans fin, ce qui fait de lipsum.com le seul vrai générateur de Lorem Ipsum. Iil utilise un dictionnaire de plus de 200 mots latins, en combinaison de plusieurs structures de phrases, pour générer un Lorem Ipsum irréprochable. Le Lorem Ipsum ainsi obtenu ne contient aucune répétition, ni ne contient des mots farfelus, ou des touches d'humour.\r\n\r\n5\r\n\tparagraphes\r\n\tmots\r\n\tcaractères\r\n\tlistes\r\n\tCommencez par \"Lorem ipsum dolor sit amet...\"\r\n\r\nTraductions: Pouvez-vous nous aider en traduisant ce site dans des langues étrangères? Envoyez-nous un courrier électronique avec les détails si vous pouvez aider.\r\nUn pack de bannières est désormais disponible ici en trois couleurs et dans diverses tailles standard:\r\nBannersBannersBanners\r\nDonations: Si vous utiliser fréquemment ce site et voulez l'aider à continuer sur Internet, pensez à une donation d'une somme minime pour nous aider à payer l'hébergement et la bande passante. Il n'y a pas de minimum de donation, et toute somme sera appréciée - cliquez ici pour donner en utilisant Paypal. Nous vous remercions de votre soutien.\r\nDonate Bitcoin: 16UQLq1HZ3CNwhvgrarV6pMoA2CDjb4tyF\r\nNodeJS Python Interface GTK Lipsum Rails .NET Groovy\r\nLe passage de Lorem Ipsum standard, utilisé depuis 1500\r\n\"Lorem ipsum dolor sit amet, consectetur adipiscing elit, sed do eiusmod tempor incididunt ut labore et dolore magna aliqua. Ut enim ad minim veniam, quis nostrud exercitation ullamco laboris nisi ut aliquip ex ea commodo consequat. Duis aute irure dolor in reprehenderit in voluptate velit esse cillum dolore eu fugiat nulla pariatur. Excepteur sint occaecat cupidatat non proident, sunt in culpa qui officia deserunt mollit anim id est laborum.\"\r\n\r\nSection 1.10.32 du \"De Finibus Bonorum et Malorum\" de Ciceron (45 av. J.-C.)\r\n\"Sed ut perspiciatis unde omnis iste natus error sit voluptatem accusantium doloremque laudantium, totam rem aperiam, eaque ipsa quae ab illo inventore veritatis et quasi architecto beatae vitae dicta sunt explicabo. Nemo enim ipsam voluptatem quia voluptas sit aspernatur aut odit aut fugit, sed quia consequuntur magni dolores eos qui ratione voluptatem sequi nesciunt. Neque porro quisquam est, qui dolorem ipsum quia dolor sit amet, consectetur, adipisci velit, sed quia non numquam eius modi tempora incidunt ut labore et dolore magnam aliquam quaerat voluptatem. Ut enim ad minima veniam, quis nostrum exercitationem ullam corporis suscipit laboriosam, nisi ut aliquid ex ea commodi consequatur? Quis autem vel eum iure reprehenderit qui in ea voluptate velit esse quam nihil molestiae consequatur, vel illum qui dolorem eum fugiat quo voluptas nulla pariatur?\"\r\n\r\nTraduction de H. Rackham (1914)\r\n\"But I must explain to you how all this mistaken idea of denouncing pleasure and praising pain was born and I will give you a complete account of the system, and expound the actual teachings of the great explorer of the truth, the master-builder of human happiness. No one rejects, dislikes, or avoids pleasure itself, because it is pleasure, but because those who do not know how to pursue pleasure rationally encounter consequences that are extremely painful. Nor again is there anyone who loves or pursues or desires to obtain pain of itself, because it is pain, but because occasionally circumstances occur in which toil and pain can procure him some great pleasure. To take a trivial example, which of us ever undertakes laborious physical exercise, except to obtain some advantage from it? But who has any right to find fault with a man who chooses to enjoy a pleasure that has no annoying consequences, or one who avoids a pain that produces no resultant pleasure?\"\r\n\r\nSection 1.10.33 du \"De Finibus Bonorum et Malorum\" de Ciceron (45 av. J.-C.)\r\n\"At vero eos et accusamus et iusto odio dignissimos ducimus qui blanditiis praesentium voluptatum deleniti atque corrupti quos dolores et quas molestias excepturi sint occaecati cupiditate non provident, similique sunt in culpa qui officia deserunt mollitia animi, id est laborum et dolorum fuga. Et harum quidem rerum facilis est et expedita distinctio. Nam libero tempore, cum soluta nobis est eligendi optio cumque nihil impedit quo minus id quod maxime placeat facere possimus, omnis voluptas assumenda est, omnis dolor repellendus. Temporibus autem quibusdam et aut officiis debitis aut rerum necessitatibus saepe eveniet ut et voluptates repudiandae sint et molestiae non recusandae. Itaque earum rerum hic tenetur a sapiente delectus, ut aut reiciendis voluptatibus maiores alias consequatur aut perferendis doloribus asperiores repellat.\"\r\n\r\nTraduction de H. Rackham (1914)\r\n\"On the other hand, we denounce with righteous indignation and dislike men who are so beguiled and demoralized by the charms of pleasure of the moment, so blinded by desire, that they cannot foresee the pain and trouble that are bound to ensue; and equal blame belongs to those who fail in their duty through weakness of will, which is the same as saying through shrinking from toil and pain. These cases are perfectly simple and easy to distinguish. In a free hour, when our power of choice is untrammelled and when nothing prevents our being able to do what we like best, every pleasure is to be welcomed and every pain avoided. But in certain circumstances and owing to the claims of duty or the obligations of business it will frequently occur that pleasures have to be repudiated and annoyances accepted. The wise man therefore always holds in these matters to this principle of selection: he rejects pleasures to secure other greater pleasures, or else he endures pains to avoid worse pains.\"\r\n\r\nFrançais - Anthony Nelzin\r\nhelp@lipsum.com\r\nPrivacy Policy ·", "created_at": "2024-06-23T13:53:03.153Z", "updated_at": "2024-06-23T20:59:56.917Z", "image": "", "likes": ["55e96354-3ddc-430e-92b4-119f7b1f5ca4"], "comments": []}}, {"model": "groupe.groupepublication", "pk": 22, "fields": {"groupe": 9, "author": "55e96354-3ddc-430e-92b4-119f7b1f5ca4", "content": "<?php\r\n\r\n$frontRepository = new  App\\Repositories\\FrontRepository();\r\n$front = $frontRepository->getFrontManagement();\r\n\r\n$newFont = str_replace(' ', '+', $front['font']);\r\n\r\n$appConfig = App\\Core\\Configuration\\AppConfiguration::getAppConfig();\r\n\r\n?>", "created_at": "2024-06-23T14:01:26.779Z", "updated_at": "2024-06-23T22:42:12.717Z", "image": "", "likes": ["55e96354-3ddc-430e-92b4-119f7b1f5ca4"], "comments": []}}, {"model": "groupe.groupepublication", "pk": 23, "fields": {"groupe": 9, "author": "55e96354-3ddc-430e-92b4-119f7b1f5ca4", "content": "qobgfroaer", "created_at": "2024-06-23T21:00:13.197Z", "updated_at": "2024-06-23T22:42:11.029Z", "image": "", "likes": ["55e96354-3ddc-430e-92b4-119f7b1f5ca4"], "comments": []}}, {"model": "groupe.groupepublication", "pk": 24, "fields": {"groupe": 9, "author": "55e96354-3ddc-430e-92b4-119f7b1f5ca4", "content": "ljb", "created_at": "2024-06-23T22:43:43.510Z", "updated_at": "2024-06-23T22:43:43.510Z", "image": "", "likes": [], "comments": []}}, {"model": "groupe.groupepublication", "pk": 25, "fields": {"groupe": 9, "author": "55e96354-3ddc-430e-92b4-119f7b1f5ca4", "content": "ls jdvljs vccccc", "created_at": "2024-06-23T22:44:57.420Z", "updated_at": "2024-06-23T22:44:57.420Z", "image": "", "likes": [], "comments": []}}, {"model": "groupe.groupepublication", "pk": 26, "fields": {"groupe": 9, "author": "55e96354-3ddc-430e-92b4-119f7b1f5ca4", "content": "pmksndvcjl sd", "created_at": "2024-06-23T22:49:54.432Z", "updated_at": "2024-07-02T10:21:21.691Z", "image": "", "likes": ["55e96354-3ddc-430e-92b4-119f7b1f5ca4"], "comments": []}}, {"model": "groupe.groupepublication", "pk": 28, "fields": {"groupe": 24, "author": "55e96354-3ddc-430e-92b4-119f7b1f5ca4", "content": "lsdnvlnlsjdnlvds", "created_at": "2024-06-24T17:18:43.249Z", "updated_at": "2024-06-24T17:18:43.249Z", "image": "publication_pics/2fcddb2d-762a-489c-a9fc-c394b0815b4e.webp", "likes": [], "comments": []}}, {"model": "groupe.groupepublication", "pk": 35, "fields": {"groupe": 24, "author": "55e96354-3ddc-430e-92b4-119f7b1f5ca4", "content": "QMDSKNV", "created_at": "2024-06-25T16:22:39.060Z", "updated_at": "2024-06-25T16:22:39.060Z", "image": "", "likes": [], "comments": []}}, {"model": "groupe.groupepublication", "pk": 36, "fields": {"groupe": 26, "author": "55e96354-3ddc-430e-92b4-119f7b1f5ca4", "content": "test", "created_at": "2024-06-25T22:28:08.633Z", "updated_at": "2024-06-25T22:28:08.633Z", "image": "", "likes": [], "comments": []}}, {"model": "groupe.groupepublication", "pk": 38, "fields": {"groupe": 26, "author": "55e96354-3ddc-430e-92b4-119f7b1f5ca4", "content": "ça", "created_at": "2024-06-27T08:59:52.922Z", "updated_at": "2024-06-27T08:59:52.922Z", "image": "", "likes": [], "comments": []}}, {"model": "groupe.groupepublication", "pk": 40, "fields": {"groupe": 26, "author": "55e96354-3ddc-430e-92b4-119f7b1f5ca4", "content": "ççça", "created_at": "2024-06-27T09:00:22.129Z", "updated_at": "2024-06-27T09:00:22.129Z", "image": "", "likes": [], "comments": []}}, {"model": "groupe.groupepublication", "pk": 41, "fields": {"groupe": 16, "author": "55e96354-3ddc-430e-92b4-119f7b1f5ca4", "content": "i", "created_at": "2024-07-01T19:57:15.147Z", "updated_at": "2024-07-01T19:57:17.280Z", "image": "", "likes": ["55e96354-3ddc-430e-92b4-119f7b1f5ca4"], "comments": []}}, {"model": "groupe.groupepublication", "pk": 42, "fields": {"groupe": 26, "author": "55e96354-3ddc-430e-92b4-119f7b1f5ca4", "content": "ij", "created_at": "2024-07-01T19:57:49.534Z", "updated_at": "2024-07-02T11:11:23.156Z", "image": "", "likes": [], "comments": []}}, {"model": "groupe.groupepublication", "pk": 43, "fields": {"groupe": 10, "author": "55e96354-3ddc-430e-92b4-119f7b1f5ca4", "content": "pk", "created_at": "2024-07-02T09:42:22.021Z", "updated_at": "2024-07-02T09:42:25.059Z", "image": "", "likes": ["55e96354-3ddc-430e-92b4-119f7b1f5ca4"], "comments": []}}, {"model": "groupe.commentpublication", "pk": 2, "fields": {"publication": 7, "author": "555c51f2-d34e-427c-8b2c-344ed086c9a4", "content": "contentcontentcontentcontentcontentcontentcontentcontentcontentcontent", "created_at": "2024-06-23T15:02:56.619Z", "updated_at": "2024-06-23T15:02:56.619Z"}}, {"model": "groupe.commentpublication", "pk": 3, "fields": {"publication": 7, "author": "55e96354-3ddc-430e-92b4-119f7b1f5ca4", "content": "knpqs", "created_at": "2024-06-23T15:06:45.130Z", "updated_at": "2024-06-23T15:06:45.130Z"}}, {"model": "groupe.commentpublication", "pk": 4, "fields": {"publication": 7, "author": "55e96354-3ddc-430e-92b4-119f7b1f5ca4", "content": "jbj", "created_at": "2024-06-23T15:57:11.442Z", "updated_at": "2024-06-23T15:57:11.442Z"}}, {"model": "groupe.commentpublication", "pk": 5, "fields": {"publication": 7, "author": "55e96354-3ddc-430e-92b4-119f7b1f5ca4", "content": "wlkfnbmpqk", "created_at": "2024-06-23T16:16:24.934Z", "updated_at": "2024-06-23T16:16:24.934Z"}}, {"model": "groupe.commentpublication", "pk": 6, "fields": {"publication": 7, "author": "55e96354-3ddc-430e-92b4-119f7b1f5ca4", "content": "wlkfnbmpqkqsmdlvnmqksndmkvnmsd", "created_at": "2024-06-23T16:23:52.765Z", "updated_at": "2024-06-23T16:23:52.765Z"}}, {"model": "groupe.commentpublication", "pk": 7, "fields": {"publication": 7, "author": "55e96354-3ddc-430e-92b4-119f7b1f5ca4", "content": "n k n", "created_at": "2024-06-23T16:30:02.071Z", "updated_at": "2024-06-23T16:30:02.071Z"}}, {"model": "groupe.commentpublication", "pk": 8, "fields": {"publication": 7, "author": "55e96354-3ddc-430e-92b4-119f7b1f5ca4", "content": "ok", "created_at": "2024-06-23T16:35:07.589Z", "updated_at": "2024-06-23T16:35:07.589Z"}}, {"model": "groupe.commentpublication", "pk": 9, "fields": {"publication": 7, "author": "55e96354-3ddc-430e-92b4-119f7b1f5ca4", "content": "ok", "created_at": "2024-06-23T16:48:40.705Z", "updated_at": "2024-06-23T16:48:40.705Z"}}, {"model": "groupe.commentpublication", "pk": 10, "fields": {"publication": 7, "author": "55e96354-3ddc-430e-92b4-119f7b1f5ca4", "content": "ok", "created_at": "2024-06-23T16:51:32.156Z", "updated_at": "2024-06-23T16:51:32.156Z"}}, {"model": "groupe.commentpublication", "pk": 11, "fields": {"publication": 7, "author": "55e96354-3ddc-430e-92b4-119f7b1f5ca4", "content": "ok", "created_at": "2024-06-23T16:52:01.818Z", "updated_at": "2024-06-23T16:52:01.818Z"}}, {"model": "groupe.commentpublication", "pk": 12, "fields": {"publication": 7, "author": "55e96354-3ddc-430e-92b4-119f7b1f5ca4", "content": "ok", "created_at": "2024-06-23T18:04:30.371Z", "updated_at": "2024-06-23T18:04:30.371Z"}}, {"model": "groupe.commentpublication", "pk": 13, "fields": {"publication": 7, "author": "55e96354-3ddc-430e-92b4-119f7b1f5ca4", "content": "ok", "created_at": "2024-06-23T18:04:33.719Z", "updated_at": "2024-06-23T18:04:33.719Z"}}, {"model": "groupe.commentpublication", "pk": 14, "fields": {"publication": 7, "author": "55e96354-3ddc-430e-92b4-119f7b1f5ca4", "content": "ok\r\n", "created_at": "2024-06-23T18:12:31.880Z", "updated_at": "2024-06-23T18:12:31.880Z"}}, {"model": "groupe.commentpublication", "pk": 15, "fields": {"publication": 7, "author": "55e96354-3ddc-430e-92b4-119f7b1f5ca4", "content": "lin", "created_at": "2024-06-23T18:12:35.845Z", "updated_at": "2024-06-23T18:12:35.845Z"}}, {"model": "groupe.commentpublication", "pk": 16, "fields": {"publication": 7, "author": "55e96354-3ddc-430e-92b4-119f7b1f5ca4", "content": "lin", "created_at": "2024-06-23T18:15:08.096Z", "updated_at": "2024-06-23T18:15:08.096Z"}}, {"model": "groupe.commentpublication", "pk": 17, "fields": {"publication": 7, "author": "55e96354-3ddc-430e-92b4-119f7b1f5ca4", "content": "lin", "created_at": "2024-06-23T18:15:10.318Z", "updated_at": "2024-06-23T18:15:10.318Z"}}, {"model": "groupe.commentpublication", "pk": 18, "fields": {"publication": 7, "author": "55e96354-3ddc-430e-92b4-119f7b1f5ca4", "content": "lin", "created_at": "2024-06-23T18:16:14.594Z", "updated_at": "2024-06-23T18:16:14.594Z"}}, {"model": "groupe.commentpublication", "pk": 19, "fields": {"publication": 22, "author": "55e96354-3ddc-430e-92b4-119f7b1f5ca4", "content": "lkl", "created_at": "2024-06-23T19:06:05.145Z", "updated_at": "2024-06-23T19:06:05.145Z"}}, {"model": "groupe.commentpublication", "pk": 20, "fields": {"publication": 22, "author": "55e96354-3ddc-430e-92b4-119f7b1f5ca4", "content": "okay", "created_at": "2024-06-23T19:11:42.621Z", "updated_at": "2024-06-23T19:11:42.621Z"}}, {"model": "groupe.commentpublication", "pk": 21, "fields": {"publication": 22, "author": "55e96354-3ddc-430e-92b4-119f7b1f5ca4", "content": "nonn", "created_at": "2024-06-23T19:34:25.515Z", "updated_at": "2024-06-23T19:34:25.515Z"}}, {"model": "groupe.commentpublication", "pk": 22, "fields": {"publication": 22, "author": "55e96354-3ddc-430e-92b4-119f7b1f5ca4", "content": "test", "created_at": "2024-06-23T20:57:57.754Z", "updated_at": "2024-06-23T20:57:57.754Z"}}, {"model": "groupe.commentpublication", "pk": 23, "fields": {"publication": 23, "author": "55e96354-3ddc-430e-92b4-119f7b1f5ca4", "content": "eflknze", "created_at": "2024-06-23T21:00:24.819Z", "updated_at": "2024-06-23T21:00:24.819Z"}}, {"model": "groupe.commentpublication", "pk": 24, "fields": {"publication": 7, "author": "55e96354-3ddc-430e-92b4-119f7b1f5ca4", "content": "mkn", "created_at": "2024-06-24T16:42:58.790Z", "updated_at": "2024-06-24T16:42:58.790Z"}}, {"model": "groupe.commentpublication", "pk": 25, "fields": {"publication": 28, "author": "55e96354-3ddc-430e-92b4-119f7b1f5ca4", "content": "tst", "created_at": "2024-06-24T17:19:05.860Z", "updated_at": "2024-06-24T17:19:05.860Z"}}, {"model": "groupe.commentpublication", "pk": 26, "fields": {"publication": 28, "author": "55e96354-3ddc-430e-92b4-119f7b1f5ca4", "content": "okay je vois le problème", "created_at": "2024-06-25T08:32:46.736Z", "updated_at": "2024-06-25T08:32:46.736Z"}}, {"model": "groupe.commentpublication", "pk": 27, "fields": {"publication": 28, "author": "55e96354-3ddc-430e-92b4-119f7b1f5ca4", "content": "SLD,V \r\n", "created_at": "2024-06-25T16:22:14.396Z", "updated_at": "2024-06-25T16:22:14.396Z"}}, {"model": "groupe.commentpublication", "pk": 28, "fields": {"publication": 36, "author": "55e96354-3ddc-430e-92b4-119f7b1f5ca4", "content": "non c'est ça\r\n", "created_at": "2024-06-26T19:42:27.301Z", "updated_at": "2024-06-26T19:42:27.301Z"}}, {"model": "groupe.commentpublication", "pk": 30, "fields": {"publication": 36, "author": "62ed2a07-8287-454e-963f-96be13477b1b", "content": "n k kn,", "created_at": "2024-06-26T21:55:00.377Z", "updated_at": "2024-06-26T21:55:00.377Z"}}, {"model": "groupe.commentpublication", "pk": 31, "fields": {"publication": 36, "author": "55e96354-3ddc-430e-92b4-119f7b1f5ca4", "content": "nonn", "created_at": "2024-06-26T21:55:06.722Z", "updated_at": "2024-06-26T21:55:06.722Z"}}, {"model": "groupe.commentpublication", "pk": 32, "fields": {"publication": 26, "author": "55e96354-3ddc-430e-92b4-119f7b1f5ca4", "content": "ok", "created_at": "2024-07-01T17:50:21.635Z", "updated_at": "2024-07-01T17:50:21.635Z"}}, {"model": "groupe.commentpublication", "pk": 33, "fields": {"publication": 22, "author": "55e96354-3ddc-430e-92b4-119f7b1f5ca4", "content": "nan", "created_at": "2024-07-01T17:53:17.430Z", "updated_at": "2024-07-01T17:53:17.430Z"}}, {"model": "groupe.commentpublication", "pk": 34, "fields": {"publication": 26, "author": "55e96354-3ddc-430e-92b4-119f7b1f5ca4", "content": "ok", "created_at": "2024-07-02T09:29:16.161Z", "updated_at": "2024-07-02T09:29:16.161Z"}}, {"model": "groupe.commentpublication", "pk": 35, "fields": {"publication": 43, "author": "55e96354-3ddc-430e-92b4-119f7b1f5ca4", "content": "ok", "created_at": "2024-07-02T09:42:29.542Z", "updated_at": "2024-07-02T09:42:29.542Z"}}, {"model": "groupe.commentpublication", "pk": 36, "fields": {"publication": 26, "author": "55e96354-3ddc-430e-92b4-119f7b1f5ca4", "content": "ooo", "created_at": "2024-07-02T10:04:29.230Z", "updated_at": "2024-07-02T10:04:29.230Z"}}, {"model": "groupe.commentpublication", "pk": 37, "fields": {"publication": 26, "author": "55e96354-3ddc-430e-92b4-119f7b1f5ca4", "content": "humm", "created_at": "2024-07-02T10:10:03.014Z", "updated_at": "2024-07-02T10:10:03.014Z"}}, {"model": "groupe.commentpublication", "pk": 38, "fields": {"publication": 42, "author": "55e96354-3ddc-430e-92b4-119f7b1f5ca4", "content": "ok", "created_at": "2024-07-02T11:11:28.488Z", "updated_at": "2024-07-02T11:11:28.488Z"}}, {"model": "userApi.customuser", "pk": "05a941d0-0969-46f5-bae5-d9501b4b0f6c", "fields": {"last_login": null, "is_superuser": false, "first_name": "", "last_name": "", "is_staff": false, "date_joined": "2024-06-25T09:04:33.748Z", "username": "lonn", "email": "lon@gmail.com", "password": "pbkdf2_sha256$720000$dWvlxadC8PmHDiRjyisMks$phFxMdqa//Zjsjn8CQvv6NLHfe5LMtXnjQEPtYytUWg=", "is_active": false, "role": "user", "created_at": "2024-06-25T09:04:33.927Z", "updated_at": "2024-06-25T10:23:54.303Z", "profile_pic": "profile_pics/IMG_4737_2.JPG", "bio": null, "groups": [], "user_permissions": [], "followers": []}}, {"model": "userApi.customuser", "pk": "555c51f2-d34e-427c-8b2c-344ed086c9a4", "fields": {"last_login": null, "is_superuser": false, "first_name": "", "last_name": "", "is_staff": false, "date_joined": "2024-06-21T00:37:46.135Z", "username": "gavin", "email": "gavinaperano@gmail.com", "password": "pbkdf2_sha256$720000$21G4ZoO6CaZRuwTRyo1fwd$t75Iuvh+YmmZ9mR4SjsdJ37FCLutdXu+l3s7oDa4DbA=", "is_active": false, "role": "user", "created_at": "2024-06-21T00:37:46.315Z", "updated_at": "2024-06-21T00:37:46.315Z", "profile_pic": "", "bio": null, "groups": [], "user_permissions": [], "followers": ["55e96354-3ddc-430e-92b4-119f7b1f5ca4"]}}, {"model": "userApi.customuser", "pk": "55e96354-3ddc-430e-92b4-119f7b1f5ca4", "fields": {"last_login": null, "is_superuser": true, "first_name": "", "last_name": "", "is_staff": true, "date_joined": "2024-06-21T09:28:24.382Z", "username": "lion", "email": "lion@gmail.coml", "password": "pbkdf2_sha256$720000$vOeU0XKHwbXQlNZZ7Wiy6X$g39TFwxyxtBYa6lOvnpL3qoy9Oje0R1oGVDuM+LSD2A=", "is_active": false, "role": "user", "created_at": "2024-06-21T09:28:24.578Z", "updated_at": "2024-06-21T09:28:24.578Z", "profile_pic": "profile_pics/Capture_decran_2024-06-20_a_12.05.43.png", "bio": "El pibe de Oro 🇬🇦 ", "groups": [], "user_permissions": [], "followers": ["555c51f2-d34e-427c-8b2c-344ed086c9a4", "9d4e2f08-009e-41a8-94a2-9fd91a68b772", "9d4e2f08-009e-41a8-94a2-9fd91a68b773", "9d4e2f08-009e-41a8-94a2-9fd91a68b775", "9d4e2f08-009e-41a8-94a2-9fd91a68b776", "9d4e2f08-009e-41a8-94a2-9fd91a68b778", "9d4e2f08-009e-41a8-94a2-9fd91a68b781", "9d4e2f08-009e-41a8-94a2-9fd91a68b786", "9d4e2f08-009e-41a8-94a2-9fd91a68b787", "9d4e2f08-009e-41a8-94a2-9fd91a68b788", "9d4e2f08-009e-41a8-94a2-9fd91a68b790", "9d4e2f08-009e-41a8-94a2-9fd91a68b791", "05a941d0-0969-46f5-bae5-d9501b4b0f6c"]}}, {"model": "userApi.customuser", "pk": "62ed2a07-8287-454e-963f-96be13477b1b", "fields": {"last_login": null, "is_superuser": false, "first_name": "", "last_name": "", "is_staff": false, "date_joined": "2024-06-25T10:47:59.340Z", "username": "lonna", "email": "lona@gmail.com", "password": "pbkdf2_sha256$720000$MP9bH0ZlZqZ8EGTmEPBSL6$2qN8Eaq36+fRE/XRmKtnHcZsoJAEp1qysziQfUjbxM0=", "is_active": false, "role": "user", "created_at": "2024-06-25T10:47:59.514Z", "updated_at": "2024-06-25T14:23:07.471Z", "profile_pic": "", "bio": null, "groups": [], "user_permissions": [], "followers": ["55e96354-3ddc-430e-92b4-119f7b1f5ca4"]}}, {"model": "userApi.customuser", "pk": "9d4e2f08-009e-41a8-94a2-9fd91a68b771", "fields": {"last_login": null, "is_superuser": true, "first_name": "", "last_name": "", "is_staff": true, "date_joined": "2024-06-21T00:26:38.928Z", "username": "aude", "email": "audesandrine6@gmail.com", "password": "azertyui", "is_active": false, "role": "user", "created_at": "2024-06-21T00:26:39.131Z", "updated_at": "2024-06-21T09:15:36.074Z", "profile_pic": "profile_pics/Capture_decran_2024-06-20_a_12.05.43.png", "bio": null, "groups": [], "user_permissions": [], "followers": ["555c51f2-d34e-427c-8b2c-344ed086c9a4", "9d4e2f08-009e-41a8-94a2-9fd91a68b771", "55e96354-3ddc-430e-92b4-119f7b1f5ca4"]}}, {"model": "userApi.customuser", "pk": "9d4e2f08-009e-41a8-94a2-9fd91a68b772", "fields": {"last_login": "2024-06-21T01:10:10Z", "is_superuser": false, "first_name": "Jean", "last_name": "Dupont", "is_staff": false, "date_joined": "2024-06-21T01:10:10Z", "username": "jeand", "email": "jeandupont@gmail.com", "password": "password123", "is_active": true, "role": "user", "created_at": "2024-06-21T01:10:10Z", "updated_at": "2024-06-21T01:10:10Z", "profile_pic": "profile_pics/profile1.png", "bio": "Loves cycling and photography", "groups": [], "user_permissions": [], "followers": []}}, {"model": "userApi.customuser", "pk": "9d4e2f08-009e-41a8-94a2-9fd91a68b773", "fields": {"last_login": "2024-06-21T01:20:20Z", "is_superuser": false, "first_name": "Marie", "last_name": "Curie", "is_staff": false, "date_joined": "2024-06-21T01:20:20Z", "username": "mariec", "email": "mariecurie@gmail.com", "password": "securepass", "is_active": true, "role": "user", "created_at": "2024-06-21T01:20:20Z", "updated_at": "2024-06-21T01:20:20Z", "profile_pic": "profile_pics/profile2.png", "bio": "Physics and Chemistry enthusiast", "groups": [], "user_permissions": [], "followers": []}}, {"model": "userApi.customuser", "pk": "9d4e2f08-009e-41a8-94a2-9fd91a68b774", "fields": {"last_login": "2024-06-21T01:30:30Z", "is_superuser": false, "first_name": "Albert", "last_name": "Einstein", "is_staff": false, "date_joined": "2024-06-21T01:30:30Z", "username": "alberte", "email": "alberteinstein@gmail.com", "password": "relativity", "is_active": true, "role": "user", "created_at": "2024-06-21T01:30:30Z", "updated_at": "2024-06-21T01:30:30Z", "profile_pic": "profile_pics/profile3.png", "bio": "Theoretical physicist", "groups": [], "user_permissions": [], "followers": []}}, {"model": "userApi.customuser", "pk": "9d4e2f08-009e-41a8-94a2-9fd91a68b775", "fields": {"last_login": "2024-06-21T01:40:40Z", "is_superuser": false, "first_name": "Isaac", "last_name": "Newton", "is_staff": false, "date_joined": "2024-06-21T01:40:40Z", "username": "isaacn", "email": "isaacnewton@gmail.com", "password": "gravity123", "is_active": true, "role": "user", "created_at": "2024-06-21T01:40:40Z", "updated_at": "2024-06-21T01:40:40Z", "profile_pic": "profile_pics/profile4.png", "bio": "Mathematician and physicist", "groups": [], "user_permissions": [], "followers": []}}, {"model": "userApi.customuser", "pk": "9d4e2f08-009e-41a8-94a2-9fd91a68b776", "fields": {"last_login": "2024-06-21T01:50:50Z", "is_superuser": false, "first_name": "Charles", "last_name": "Darwin", "is_staff": false, "date_joined": "2024-06-21T01:50:50Z", "username": "charlesd", "email": "charlesdarwin@gmail.com", "password": "evolution", "is_active": true, "role": "user", "created_at": "2024-06-21T01:50:50Z", "updated_at": "2024-06-21T01:50:50Z", "profile_pic": "profile_pics/profile5.png", "bio": "Biologist and naturalist", "groups": [], "user_permissions": [], "followers": []}}, {"model": "userApi.customuser", "pk": "9d4e2f08-009e-41a8-94a2-9fd91a68b777", "fields": {"last_login": "2024-06-21T02:00:00Z", "is_superuser": false, "first_name": "Nikola", "last_name": "Tesla", "is_staff": false, "date_joined": "2024-06-21T02:00:00Z", "username": "nikolat", "email": "nikolatesla@gmail.com", "password": "acdc123", "is_active": true, "role": "user", "created_at": "2024-06-21T02:00:00Z", "updated_at": "2024-06-21T02:00:00Z", "profile_pic": "profile_pics/profile6.png", "bio": "Inventor and electrical engineer", "groups": [], "user_permissions": [], "followers": []}}, {"model": "userApi.customuser", "pk": "9d4e2f08-009e-41a8-94a2-9fd91a68b778", "fields": {"last_login": "2024-06-21T02:10:10Z", "is_superuser": false, "first_name": "Leonardo", "last_name": "Da Vinci", "is_staff": false, "date_joined": "2024-06-21T02:10:10Z", "username": "leonardod", "email": "leonardodavinci@gmail.com", "password": "monalisa", "is_active": true, "role": "user", "created_at": "2024-06-21T02:10:10Z", "updated_at": "2024-06-21T02:10:10Z", "profile_pic": "profile_pics/profile7.png", "bio": "Renaissance polymath", "groups": [], "user_permissions": [], "followers": []}}, {"model": "userApi.customuser", "pk": "9d4e2f08-009e-41a8-94a2-9fd91a68b779", "fields": {"last_login": "2024-06-21T02:20:20Z", "is_superuser": false, "first_name": "Galileo", "last_name": "Galilei", "is_staff": false, "date_joined": "2024-06-21T02:20:20Z", "username": "galileog", "email": "galileogalilei@gmail.com", "password": "telescope", "is_active": true, "role": "user", "created_at": "2024-06-21T02:20:20Z", "updated_at": "2024-06-21T02:20:20Z", "profile_pic": "profile_pics/profile8.png", "bio": "Astronomer and physicist", "groups": [], "user_permissions": [], "followers": []}}, {"model": "userApi.customuser", "pk": "9d4e2f08-009e-41a8-94a2-9fd91a68b780", "fields": {"last_login": "2024-06-21T02:30:30Z", "is_superuser": false, "first_name": "Ada", "last_name": "Lovelace", "is_staff": false, "date_joined": "2024-06-21T02:30:30Z", "username": "adal", "email": "adalovelace@gmail.com", "password": "firstprogrammer", "is_active": true, "role": "user", "created_at": "2024-06-21T02:30:30Z", "updated_at": "2024-06-21T02:30:30Z", "profile_pic": "profile_pics/profile9.png", "bio": "Mathematician and writer", "groups": [], "user_permissions": [], "followers": []}}, {"model": "userApi.customuser", "pk": "9d4e2f08-009e-41a8-94a2-9fd91a68b781", "fields": {"last_login": "2024-06-21T02:40:40Z", "is_superuser": false, "first_name": "Thomas", "last_name": "Edison", "is_staff": false, "date_joined": "2024-06-21T02:40:40Z", "username": "thomase", "email": "thomasedison@gmail.com", "password": "lightbulb", "is_active": true, "role": "user", "created_at": "2024-06-21T02:40:40Z", "updated_at": "2024-06-21T02:40:40Z", "profile_pic": "profile_pics/profile10.png", "bio": "Inventor and businessman", "groups": [], "user_permissions": [], "followers": ["55e96354-3ddc-430e-92b4-119f7b1f5ca4"]}}, {"model": "userApi.customuser", "pk": "9d4e2f08-009e-41a8-94a2-9fd91a68b782", "fields": {"last_login": "2024-06-21T02:50:50Z", "is_superuser": false, "first_name": "Marie", "last_name": "Curie", "is_staff": false, "date_joined": "2024-06-21T02:50:50Z", "username": "mariec2", "email": "mariecurie2@gmail.com", "password": "radiation", "is_active": true, "role": "user", "created_at": "2024-06-21T02:50:50Z", "updated_at": "2024-06-21T02:50:50Z", "profile_pic": "profile_pics/profile11.png", "bio": "Pioneer in radioactivity", "groups": [], "user_permissions": [], "followers": []}}, {"model": "userApi.customuser", "pk": "9d4e2f08-009e-41a8-94a2-9fd91a68b783", "fields": {"last_login": "2024-06-21T03:00:00Z", "is_superuser": false, "first_name": "Rosalind", "last_name": "Franklin", "is_staff": false, "date_joined": "2024-06-21T03:00:00Z", "username": "rosalindf", "email": "rosalindfranklin@gmail.com", "password": "dna123", "is_active": true, "role": "user", "created_at": "2024-06-21T03:00:00Z", "updated_at": "2024-06-21T03:00:00Z", "profile_pic": "profile_pics/profile12.png", "bio": "Chemist and X-ray crystallographer", "groups": [], "user_permissions": [], "followers": []}}, {"model": "userApi.customuser", "pk": "9d4e2f08-009e-41a8-94a2-9fd91a68b784", "fields": {"last_login": "2024-06-21T03:10:10Z", "is_superuser": false, "first_name": "Alan", "last_name": "Turing", "is_staff": false, "date_joined": "2024-06-21T03:10:10Z", "username": "alant", "email": "alanturing@gmail.com", "password": "enigma", "is_active": true, "role": "user", "created_at": "2024-06-21T03:10:10Z", "updated_at": "2024-06-21T03:10:10Z", "profile_pic": "profile_pics/profile13.png", "bio": "Mathematician and logician", "groups": [], "user_permissions": [], "followers": []}}, {"model": "userApi.customuser", "pk": "9d4e2f08-009e-41a8-94a2-9fd91a68b785", "fields": {"last_login": "2024-06-21T03:20:20Z", "is_superuser": false, "first_name": "Grace", "last_name": "Hopper", "is_staff": false, "date_joined": "2024-06-21T03:20:20Z", "username": "graceh", "email": "gracehopper@gmail.com", "password": "cobol123", "is_active": true, "role": "user", "created_at": "2024-06-21T03:20:20Z", "updated_at": "2024-06-21T03:20:20Z", "profile_pic": "profile_pics/profile14.png", "bio": "Computer scientist and naval officer", "groups": [], "user_permissions": [], "followers": []}}, {"model": "userApi.customuser", "pk": "9d4e2f08-009e-41a8-94a2-9fd91a68b786", "fields": {"last_login": "2024-06-21T03:30:30Z", "is_superuser": false, "first_name": "Tim", "last_name": "Berners-Lee", "is_staff": false, "date_joined": "2024-06-21T03:30:30Z", "username": "timbl", "email": "timbernerslee@gmail.com", "password": "www123", "is_active": true, "role": "user", "created_at": "2024-06-21T03:30:30Z", "updated_at": "2024-06-21T03:30:30Z", "profile_pic": "profile_pics/profile15.png", "bio": "Inventor of the World Wide Web", "groups": [], "user_permissions": [], "followers": []}}, {"model": "userApi.customuser", "pk": "9d4e2f08-009e-41a8-94a2-9fd91a68b787", "fields": {"last_login": "2024-06-21T03:40:40Z", "is_superuser": false, "first_name": "Stephen", "last_name": "Hawking", "is_staff": false, "date_joined": "2024-06-21T03:40:40Z", "username": "stephenh", "email": "stephenhawking@gmail.com", "password": "blackholes", "is_active": true, "role": "user", "created_at": "2024-06-21T03:40:40Z", "updated_at": "2024-06-21T03:40:40Z", "profile_pic": "profile_pics/profile16.png", "bio": "Theoretical physicist and cosmologist", "groups": [], "user_permissions": [], "followers": []}}, {"model": "userApi.customuser", "pk": "9d4e2f08-009e-41a8-94a2-9fd91a68b788", "fields": {"last_login": "2024-06-21T03:50:50Z", "is_superuser": false, "first_name": "Katherine", "last_name": "Johnson", "is_staff": false, "date_joined": "2024-06-21T03:50:50Z", "username": "katherinej", "email": "katherinejohnson@gmail.com", "password": "nasa123", "is_active": true, "role": "user", "created_at": "2024-06-21T03:50:50Z", "updated_at": "2024-06-21T03:50:50Z", "profile_pic": "profile_pics/profile17.png", "bio": "Mathematician and space scientist", "groups": [], "user_permissions": [], "followers": ["55e96354-3ddc-430e-92b4-119f7b1f5ca4"]}}, {"model": "userApi.customuser", "pk": "9d4e2f08-009e-41a8-94a2-9fd91a68b789", "fields": {"last_login": "2024-06-21T04:00:00Z", "is_superuser": false, "first_name": "Mae", "last_name": "Jemison", "is_staff": false, "date_joined": "2024-06-21T04:00:00Z", "username": "maej", "email": "maejemison@gmail.com", "password": "space123", "is_active": true, "role": "user", "created_at": "2024-06-21T04:00:00Z", "updated_at": "2024-06-21T04:00:00Z", "profile_pic": "profile_pics/profile18.png", "bio": "Engineer, physician, and astronaut", "groups": [], "user_permissions": [], "followers": ["55e96354-3ddc-430e-92b4-119f7b1f5ca4"]}}, {"model": "userApi.customuser", "pk": "9d4e2f08-009e-41a8-94a2-9fd91a68b790", "fields": {"last_login": "2024-06-21T04:10:10Z", "is_superuser": false, "first_name": "Neil", "last_name": "Armstrong", "is_staff": false, "date_joined": "2024-06-21T04:10:10Z", "username": "neila", "email": "neilarmstrong@gmail.com", "password": "moonwalker", "is_active": true, "role": "user", "created_at": "2024-06-21T04:10:10Z", "updated_at": "2024-06-21T04:10:10Z", "profile_pic": "profile_pics/profile19.png", "bio": "First person to walk on the Moon", "groups": [], "user_permissions": [], "followers": ["55e96354-3ddc-430e-92b4-119f7b1f5ca4"]}}, {"model": "userApi.customuser", "pk": "9d4e2f08-009e-41a8-94a2-9fd91a68b791", "fields": {"last_login": "2024-06-21T04:20:20Z", "is_superuser": false, "first_name": "Elon", "last_name": "Musk", "is_staff": false, "date_joined": "2024-06-21T04:20:20Z", "username": "elonm", "email": "elonmusk@gmail.com", "password": "tesla123", "is_active": true, "role": "user", "created_at": "2024-06-21T04:20:20Z", "updated_at": "2024-06-21T04:20:20Z", "profile_pic": "profile_pics/profile20.png", "bio": "Entrepreneur and business magnate", "groups": [], "user_permissions": [], "followers": []}}, {"model": "userApi.userpost", "pk": 1, "fields": {"author": "555c51f2-d34e-427c-8b2c-344ed086c9a4", "content": "ok", "code": "def usersPost(request):\r\n    posts = requests.get(API_BASE_URL + 'post/').json()\r\n    user_data = get_user_data(request)\r\n    if posts:\r\n        users = user_data.get('users')\r\n        user_id_to_username = {user['id']: user['username'] for user in users}\r\n        for post in posts:\r\n            if post['author'] in user_id_to_username:\r\n                post['author'] = user_id_to_username[post['author']]\r\n        \r\n        return render(request, 'feed.html', {'posts': posts, 'user': user_data.get('user') , 'users': user_data.get('users') , 'followers': user_data.get('followers') , 'followings': user_data.get('followings')})\r\n    else:\r\n        return render(request, 'feed.html', {'error': 'Unable to fetch posts'})", "language": "python", "created_at": "2024-07-01T11:03:53.658Z", "updated_at": "2024-07-01T18:20:33.888Z", "image": "", "likes": ["555c51f2-d34e-427c-8b2c-344ed086c9a4", "55e96354-3ddc-430e-92b4-119f7b1f5ca4"], "comments": ["555c51f2-d34e-427c-8b2c-344ed086c9a4"]}}, {"model": "userApi.userpost", "pk": 3, "fields": {"author": "55e96354-3ddc-430e-92b4-119f7b1f5ca4", "content": "khss", "code": "print", "language": "python", "created_at": "2024-07-01T12:12:22.741Z", "updated_at": "2024-07-01T12:12:22.741Z", "image": "", "likes": [], "comments": []}}, {"model": "userApi.userpost", "pk": 4, "fields": {"author": "62ed2a07-8287-454e-963f-96be13477b1b", "content": "ojbsdv", "code": "def usersPost(request):\r\n    posts = requests.get(API_BASE_URL + 'post/').json()\r\n    user_data = get_user_data(request)\r\n    if posts:\r\n        users = user_data.get('users')\r\n        user_id_to_username = {user['id']: user['username'] for user in users}\r\n        for post in posts:\r\n            if post['author'] in user_id_to_username:\r\n                post['author'] = user_id_to_username[post['author']]\r\n        \r\n        return render(request, 'feed.html', {'posts': posts, 'user': user_data.get('user') , 'users': user_data.get('users') , 'followers': user_data.get('followers') , 'followings': user_data.get('followings')})\r\n    else:\r\n        return render(request, 'feed.html', {'error': 'Unable to fetch posts'})", "language": "python", "created_at": "2024-07-01T12:14:01.710Z", "updated_at": "2024-07-01T19:40:19.266Z", "image": "", "likes": ["55e96354-3ddc-430e-92b4-119f7b1f5ca4"], "comments": []}}, {"model": "userApi.userpost", "pk": 5, "fields": {"author": "55e96354-3ddc-430e-92b4-119f7b1f5ca4", "content": "ceci est un ost python", "code": "def usersPost(request):\r\n    posts = requests.get(API_BASE_URL + 'post/').json()\r\n    user_data = get_user_data(request)\r\n    if posts:\r\n        users = user_data.get('users')\r\n        user_id_to_username = {user['id']: user['username'] for user in users}\r\n        for post in posts:\r\n            if post['author'] in user_id_to_username:\r\n                post['author'] = user_id_to_username[post['author']]\r\n        \r\n        return render(request, 'feed.html', {'posts': posts, 'user': user_data.get('user') , 'users': user_data.get('users') , 'followers': user_data.get('followers') , 'followings': user_data.get('followings')})\r\n    else:\r\n        return render(request, 'feed.html', {'error': 'Unable to fetch posts'})", "language": "python", "created_at": "2024-07-01T14:42:46.005Z", "updated_at": "2024-07-01T14:42:46.005Z", "image": "", "likes": ["55e96354-3ddc-430e-92b4-119f7b1f5ca4"], "comments": []}}, {"model": "userApi.userpost", "pk": 6, "fields": {"author": "55e96354-3ddc-430e-92b4-119f7b1f5ca4", "content": "khbk", "code": "", "language": "python", "created_at": "2024-07-01T19:54:49.242Z", "updated_at": "2024-07-01T19:54:49.242Z", "image": "", "likes": ["55e96354-3ddc-430e-92b4-119f7b1f5ca4"], "comments": []}}, {"model": "authtoken.token", "pk": "3f24f4c697948897026245af6ddaa07b949c8a8f", "fields": {"user": "9d4e2f08-009e-41a8-94a2-9fd91a68b771", "created": "2024-06-21T08:45:34.858Z"}}, {"model": "authtoken.token", "pk": "6e9bf937398dbd7dcf7bece35a2f4aa401338b1d", "fields": {"user": "555c51f2-d34e-427c-8b2c-344ed086c9a4", "created": "2024-06-21T00:37:46.320Z"}}, {"model": "authtoken.token", "pk": "751a0e75fa36481fa5ea829bd238b95cf6bf410c", "fields": {"user": "05a941d0-0969-46f5-bae5-d9501b4b0f6c", "created": "2024-06-25T09:04:33.932Z"}}, {"model": "authtoken.token", "pk": "9d96bca1f8b8e73c3f296da46ca33f840104ec72", "fields": {"user": "62ed2a07-8287-454e-963f-96be13477b1b", "created": "2024-07-01T12:13:57.072Z"}}, {"model": "authtoken.token", "pk": "e2aac9aff5230a9349615741a7cb8cf09dc83e8b", "fields": {"user": "55e96354-3ddc-430e-92b4-119f7b1f5ca4", "created": "2024-07-02T09:04:37.551Z"}}]

